name,id,mappedReads
48641_R1_cap.clip.ACAGTG.hs37d5.bwa.uniqueUMI,GM18520r,13818518
48641_R1_cap.clip.CAGATC.hs37d5.bwa.uniqueUMI,GM19099r,12105792
48641_R1_cap.clip.GCCAAT.hs37d5.bwa.uniqueUMI,GM18522r,12223372
48641_R1_cap.clip.TGACCA.hs37d5.bwa.uniqueUMI,GM18517r,14112793
48641_R1_cap.clip.TTAGGC.hs37d5.bwa.uniqueUMI,GM18505r,9597808
48646_R1_cap.clip.ACTTGA.hs37d5.bwa.uniqueUMI,GM19131r,13311866
48646_R1_cap.clip.ATCACG.hs37d5.bwa.uniqueUMI,GM19193r*,18103211
48646_R1_cap.clip.CGATGT.hs37d5.bwa.uniqueUMI,GM19222r*,9023900
48646_R1_cap.clip.TGACCA.hs37d5.bwa.uniqueUMI,GM19239r,13152036
48646_R1_cap.clip.TTAGGC.hs37d5.bwa.uniqueUMI,GM19238r,16105072
51644_R1_cap.clip.ACAGTG.hs37d5.bwa.uniqueUMI,GM18505,10073477
51644_R1_cap.clip.CAGATC.hs37d5.bwa.uniqueUMI,GM19239,16870737
51644_R1_cap.clip.GCCAAT.hs37d5.bwa.uniqueUMI,GM19099,13544576
51644_R1_cap.clip.TGACCA.hs37d5.bwa.uniqueUMI,GM18520,4425811
51644_R1_cap.clip.TTAGGC.hs37d5.bwa.uniqueUMI,GM18522,14250718
51649_R1_cap.clip.ACTTGA.hs37d5.bwa.uniqueUMI,GM19222,12299224
51649_R1_cap.clip.ATCACG.hs37d5.bwa.uniqueUMI,GM18517,10872883
51649_R1_cap.clip.CGATGT.hs37d5.bwa.uniqueUMI,GM19131,9322691
51649_R1_cap.clip.TGACCA.hs37d5.bwa.uniqueUMI,GM19238,14182126
51649_R1_cap.clip.TTAGGC.hs37d5.bwa.uniqueUMI,GM19193,10445250
51654_R1_cap.clip.ACAGTG.hs37d5.bwa.uniqueUMI,GM18502,3921985
51654_R1_cap.clip.ATCACG.hs37d5.bwa.uniqueUMI,GM18507,17658637
51654_R1_cap.clip.CAGATC.hs37d5.bwa.uniqueUMI,GM18852,15477409
51654_R1_cap.clip.CGATGT.hs37d5.bwa.uniqueUMI,GM18486,20834545
51654_R1_cap.clip.GCCAAT.hs37d5.bwa.uniqueUMI,GM18499,11962454
51659_R1_cap.clip.ACAGTG.hs37d5.bwa.uniqueUMI,GM18861,12741314
51659_R1_cap.clip.ACTTGA.hs37d5.bwa.uniqueUMI,GM18510,15796164
51659_R1_cap.clip.GCCAAT.hs37d5.bwa.uniqueUMI,GM18516,12471639
51659_R1_cap.clip.TGACCA.hs37d5.bwa.uniqueUMI,GM18858,14527092
51659_R1_cap.clip.TTAGGC.hs37d5.bwa.uniqueUMI,GM18855,13877130
51664_R1_cap.clip.ACTTGA.hs37d5.bwa.uniqueUMI,GM18870,12650749
51664_R1_cap.clip.ATCACG.hs37d5.bwa.uniqueUMI,GM18909,25138895
51664_R1_cap.clip.CAGATC.hs37d5.bwa.uniqueUMI,GM19098,22359647
51664_R1_cap.clip.CGATGT.hs37d5.bwa.uniqueUMI,GM19130,27877236
51664_R1_cap.clip.TTAGGC.hs37d5.bwa.uniqueUMI,GM19114,13399512
51669_R1_cap.clip.ACAGTG.hs37d5.bwa.uniqueUMI,GM19119,22412271
51669_R1_cap.clip.ACTTGA.hs37d5.bwa.uniqueUMI,GM19171,20484196
51669_R1_cap.clip.CAGATC.hs37d5.bwa.uniqueUMI,GM19138,18482795
51669_R1_cap.clip.GCCAAT.hs37d5.bwa.uniqueUMI,GM19092,30018215
51669_R1_cap.clip.TGACCA.hs37d5.bwa.uniqueUMI,GM18913,21252693
53264_R1_cap.clip.ACTTGA.hs37d5.bwa.uniqueUMI,GM19201,26512626
53264_R1_cap.clip.ATCACG.hs37d5.bwa.uniqueUMI,GM19192,34378407
53264_R1_cap.clip.CGATGT.hs37d5.bwa.uniqueUMI,GM19210,30821377
53264_R1_cap.clip.TGACCA.hs37d5.bwa.uniqueUMI,GM19141,24739626
53264_R1_cap.clip.TTAGGC.hs37d5.bwa.uniqueUMI,GM19159,28530181
53269_R1_cap.clip.ACAGTG.hs37d5.bwa.uniqueUMI,GM19152,21840628
53269_R1_cap.clip.ATCACG.hs37d5.bwa.uniqueUMI,GM19207,34540362
53269_R1_cap.clip.CAGATC.hs37d5.bwa.uniqueUMI,GM19144,26437493
53269_R1_cap.clip.CGATGT.hs37d5.bwa.uniqueUMI,GM19225,28199395
53269_R1_cap.clip.GCCAAT.hs37d5.bwa.uniqueUMI,GM19204,24223053
53274_R1_cap.clip.CAGATC.hs37d5.bwa.uniqueUMI,GM18511,26150574
53274_R1_cap.clip.GCCAAT.hs37d5.bwa.uniqueUMI,GM18856,25269096
53274_R1_cap.clip.TGACCA.hs37d5.bwa.uniqueUMI,GM18859,32221789
53274_R1_cap.clip.TTAGGC.hs37d5.bwa.uniqueUMI,GM18508,27411813
53278_R1_cap.clip.ACTTGA.hs37d5.bwa.uniqueUMI,GM18853,29395351
53278_R1_cap.clip.ATCACG.hs37d5.bwa.uniqueUMI,GM18519,18263543
53278_R1_cap.clip.CGATGT.hs37d5.bwa.uniqueUMI,GM18504,29650414
53278_R1_cap.clip.TGACCA.hs37d5.bwa.uniqueUMI,GM18862,8065334
53278_R1_cap.clip.TTAGGC.hs37d5.bwa.uniqueUMI,GM18501,21772938
53283_R1_cap.clip.ACAGTG.hs37d5.bwa.uniqueUMI,GM18912,5483693
53283_R1_cap.clip.ATCACG.hs37d5.bwa.uniqueUMI,GM19143,7636354
53283_R1_cap.clip.CAGATC.hs37d5.bwa.uniqueUMI,GM18916,9535324
53283_R1_cap.clip.CGATGT.hs37d5.bwa.uniqueUMI,GM19127,8054864
53283_R1_cap.clip.GCCAAT.hs37d5.bwa.uniqueUMI,GM19140,6937096
53288_R1_cap.clip.ACAGTG.hs37d5.bwa.uniqueUMI,GM19137,17932128
53288_R1_cap.clip.ACTTGA.hs37d5.bwa.uniqueUMI,GM18907,27689348
53288_R1_cap.clip.GCCAAT.hs37d5.bwa.uniqueUMI,GM19093,10537537
53288_R1_cap.clip.TGACCA.hs37d5.bwa.uniqueUMI,GM19101,20688857
53288_R1_cap.clip.TTAGGC.hs37d5.bwa.uniqueUMI,GM19116,19691211
53293_R1_cap.clip.ACTTGA.hs37d5.bwa.uniqueUMI,GM19190,15699650
53293_R1_cap.clip.ATCACG.hs37d5.bwa.uniqueUMI,GM19160,14383272
53293_R1_cap.clip.CAGATC.hs37d5.bwa.uniqueUMI,GM19206,14855720
53293_R1_cap.clip.CGATGT.hs37d5.bwa.uniqueUMI,GM19257,10324822
53293_R1_cap.clip.TTAGGC.hs37d5.bwa.uniqueUMI,GM19203,21516917
53298_R1_cap.clip.ACAGTG.hs37d5.bwa.uniqueUMI,GM19200,8839600
53298_R1_cap.clip.ACTTGA.hs37d5.bwa.uniqueUMI,GM19209,9929529
53298_R1_cap.clip.CAGATC.hs37d5.bwa.uniqueUMI,GM19147,17260866
53298_R1_cap.clip.GCCAAT.hs37d5.bwa.uniqueUMI,GM19153,9258927
53298_R1_cap.clip.TGACCA.hs37d5.bwa.uniqueUMI,GM19223,22952729
